user_type,total_sent,open_rate,bounce_back_rate
a,5999,0.646594982078853,0.051008501416902816
b,3015,0.6235795454545454,0.04875621890547264
c,986,0.6399560922063666,0.05476673427991886
